state,accidents,year,fatalities,fatalities_per_100_accidents,accidents_yoy_pct,fatalities_yoy_pct
Andaman & Nicobar Islands,230.0,2019,20.0,8.7,,
Andaman & Nicobar Islands,141.0,2020,14.0,9.93,-38.7,-30.0
Andaman & Nicobar Islands,115.0,2021,20.0,17.39,-18.44,42.86
Andaman & Nicobar Islands,141.0,2022,19.0,13.48,22.61,-5.0
Andaman & Nicobar Islands,143.0,2023,24.0,16.78,1.42,26.32
Andhra Pradesh,21992.0,2019,7984.0,36.3,,
Andhra Pradesh,19509.0,2020,7039.0,36.08,-11.29,-11.84
Andhra Pradesh,21556.0,2021,8186.0,37.98,10.49,16.29
Andhra Pradesh,21249.0,2022,8293.0,39.03,-1.42,1.31
Andhra Pradesh,19949.0,2023,8137.0,40.79,-6.12,-1.88
Arunachal Pradesh,237.0,2019,127.0,53.59,,
Arunachal Pradesh,134.0,2020,73.0,54.48,-43.46,-42.52
Arunachal Pradesh,283.0,2021,157.0,55.48,111.19,115.07
Arunachal Pradesh,227.0,2022,148.0,65.2,-19.79,-5.73
Arunachal Pradesh,287.0,2023,145.0,50.52,26.43,-2.03
Assam,8350.0,2019,3208.0,38.42,,
Assam,6595.0,2020,2629.0,39.86,-21.02,-18.05
Assam,7411.0,2021,3036.0,40.97,12.37,15.48
Assam,7023.0,2022,2994.0,42.63,-5.24,-1.38
Assam,7421.0,2023,3296.0,44.41,5.67,10.09
Bihar,10007.0,2019,7205.0,72.0,,
Bihar,8639.0,2020,6699.0,77.54,-13.67,-7.02
Bihar,9553.0,2021,7660.0,80.18,10.58,14.35
Bihar,10801.0,2022,8898.0,82.38,13.06,16.16
Bihar,11014.0,2023,8873.0,80.56,1.97,-0.28
Chandigarh,305.0,2019,104.0,34.1,,
Chandigarh,159.0,2020,53.0,33.33,-47.87,-49.04
Chandigarh,208.0,2021,96.0,46.15,30.82,81.13
Chandigarh,237.0,2022,83.0,35.02,13.94,-13.54
Chandigarh,182.0,2023,67.0,36.81,-23.21,-19.28
Chhattisgarh,13899.0,2019,5003.0,36.0,,
Chhattisgarh,11656.0,2020,4606.0,39.52,-16.14,-7.94
Chhattisgarh,12375.0,2021,5371.0,43.4,6.17,16.61
Chhattisgarh,13279.0,2022,5834.0,43.93,7.31,8.62
Chhattisgarh,13468.0,2023,6166.0,45.78,1.42,5.69
Dadra & Nagar Haveli and Daman & Diu,137.0,2019,77.0,56.2,,
Dadra & Nagar Haveli and Daman & Diu,100.0,2020,64.0,64.0,-27.01,-16.88
Dadra & Nagar Haveli and Daman & Diu,140.0,2021,76.0,54.29,40.0,18.75
Dadra & Nagar Haveli and Daman & Diu,196.0,2022,90.0,45.92,40.0,18.42
Dadra & Nagar Haveli and Daman & Diu,182.0,2023,74.0,40.66,-7.14,-17.78
Delhi,5610.0,2019,1463.0,26.08,,
Delhi,4178.0,2020,1196.0,28.63,-25.53,-18.25
Delhi,4720.0,2021,1239.0,26.25,12.97,3.6
Delhi,5652.0,2022,1461.0,25.85,19.75,17.92
Delhi,5834.0,2023,1457.0,24.97,3.22,-0.27
Goa,3440.0,2019,297.0,8.63,,
Goa,2375.0,2020,223.0,9.39,-30.96,-24.92
Goa,2849.0,2021,226.0,7.93,19.96,1.35
Goa,3011.0,2022,271.0,9.0,5.69,19.91
Goa,2846.0,2023,290.0,10.19,-5.48,7.01
Gujarat,17046.0,2019,7390.0,43.35,,
Gujarat,13398.0,2020,6170.0,46.05,-21.4,-16.51
Gujarat,15186.0,2021,7452.0,49.07,13.35,20.78
Gujarat,15751.0,2022,7618.0,48.37,3.72,2.23
Gujarat,16349.0,2023,7854.0,48.04,3.8,3.1
Haryana,10944.0,2019,5057.0,46.21,,
Haryana,9431.0,2020,4507.0,47.79,-13.82,-10.88
Haryana,9933.0,2021,4706.0,47.38,5.32,4.42
Haryana,10429.0,2022,4915.0,47.13,4.99,4.44
Haryana,10463.0,2023,4968.0,47.48,0.33,1.08
Himachal Pradesh,2873.0,2019,1146.0,39.89,,
Himachal Pradesh,2239.0,2020,893.0,39.88,-22.07,-22.08
Himachal Pradesh,2404.0,2021,1052.0,43.76,7.37,17.81
Himachal Pradesh,2597.0,2022,1032.0,39.74,8.03,-1.9
Himachal Pradesh,2253.0,2023,889.0,39.46,-13.25,-13.86
Jammu & Kashmir,5796.0,2019,996.0,17.18,,
Jammu & Kashmir,4860.0,2020,728.0,14.98,-16.15,-26.91
Jammu & Kashmir,5452.0,2021,774.0,14.2,12.18,6.32
Jammu & Kashmir,6092.0,2022,805.0,13.21,11.74,4.01
Jammu & Kashmir,6298.0,2023,893.0,14.18,3.38,10.93
Jharkhand,5217.0,2019,3801.0,72.86,,
Jharkhand,4405.0,2020,3044.0,69.1,-15.56,-19.92
Jharkhand,4728.0,2021,3513.0,74.3,7.33,15.41
Jharkhand,5175.0,2022,3898.0,75.32,9.45,10.96
Jharkhand,5315.0,2023,4173.0,78.51,2.71,7.05
Karnataka,40658.0,2019,10958.0,26.95,,
Karnataka,34178.0,2020,9760.0,28.56,-15.94,-10.93
Karnataka,34647.0,2021,10038.0,28.97,1.37,2.85
Karnataka,39762.0,2022,11702.0,29.43,14.76,16.58
Karnataka,43440.0,2023,12321.0,28.36,9.25,5.29
Kerala,41111.0,2019,4440.0,10.8,,
Kerala,27877.0,2020,2979.0,10.69,-32.19,-32.91
Kerala,33296.0,2021,3429.0,10.3,19.44,15.11
Kerala,43910.0,2022,4317.0,9.83,31.88,25.9
Kerala,48091.0,2023,4080.0,8.48,9.52,-5.49
Ladakh,,2019,,,,
Ladakh,,2020,,,,
Ladakh,236.0,2021,56.0,23.73,,
Ladakh,374.0,2022,62.0,16.58,58.47,10.71
Ladakh,289.0,2023,59.0,20.42,-22.73,-4.84
Lakshadweep,1.0,2019,0.0,0.0,,
Lakshadweep,1.0,2020,0.0,0.0,0.0,
Lakshadweep,4.0,2021,1.0,25.0,300.0,inf
Lakshadweep,3.0,2022,2.0,66.67,-25.0,100.0
Lakshadweep,1.0,2023,0.0,0.0,-66.67,-100.0
Madhya Pradesh,50669.0,2019,11249.0,22.2,,
Madhya Pradesh,45266.0,2020,11141.0,24.61,-10.66,-0.96
Madhya Pradesh,48877.0,2021,12057.0,24.67,7.98,8.22
Madhya Pradesh,54432.0,2022,13427.0,24.67,11.37,11.36
Madhya Pradesh,55327.0,2023,13798.0,24.94,1.64,2.76
Maharashtra,32925.0,2019,12788.0,38.84,,
Maharashtra,24971.0,2020,11569.0,46.33,-24.16,-9.53
Maharashtra,29477.0,2021,13528.0,45.89,18.04,16.93
Maharashtra,33383.0,2022,15224.0,45.6,13.25,12.54
Maharashtra,35243.0,2023,15366.0,43.6,5.57,0.93
Manipur,672.0,2019,156.0,23.21,,
Manipur,432.0,2020,127.0,29.4,-35.71,-18.59
Manipur,366.0,2021,110.0,30.05,-15.28,-13.39
Manipur,508.0,2022,127.0,25.0,38.8,15.45
Manipur,398.0,2023,73.0,18.34,-21.65,-42.52
Meghalaya,482.0,2019,179.0,37.14,,
Meghalaya,214.0,2020,144.0,67.29,-55.6,-19.55
Meghalaya,245.0,2021,187.0,76.33,14.49,29.86
Meghalaya,246.0,2022,162.0,65.85,0.41,-13.37
Meghalaya,223.0,2023,168.0,75.34,-9.35,3.7
Mizoram,62.0,2019,48.0,77.42,,
Mizoram,53.0,2020,42.0,79.25,-14.52,-12.5
Mizoram,69.0,2021,56.0,81.16,30.19,33.33
Mizoram,133.0,2022,113.0,84.96,92.75,101.79
Mizoram,106.0,2023,96.0,90.57,-20.3,-15.04
Nagaland,358.0,2019,26.0,7.26,,
Nagaland,500.0,2020,53.0,10.6,39.66,103.85
Nagaland,746.0,2021,55.0,7.37,49.2,3.77
Nagaland,489.0,2022,73.0,14.93,-34.45,32.73
Nagaland,303.0,2023,86.0,28.38,-38.04,17.81
Odisha,11064.0,2019,5333.0,48.2,,
Odisha,9817.0,2020,4738.0,48.26,-11.27,-11.16
Odisha,10983.0,2021,5081.0,46.26,11.88,7.24
Odisha,11663.0,2022,5467.0,46.87,6.19,7.6
Odisha,11992.0,2023,5739.0,47.86,2.82,4.98
Puducherry,1392.0,2019,147.0,10.56,,
Puducherry,969.0,2020,145.0,14.96,-30.39,-1.36
Puducherry,1049.0,2021,140.0,13.35,8.26,-3.45
Puducherry,1181.0,2022,181.0,15.33,12.58,29.29
Puducherry,1308.0,2023,149.0,11.39,10.75,-17.68
Punjab,6348.0,2019,4525.0,71.28,,
Punjab,5203.0,2020,3898.0,74.92,-18.04,-13.86
Punjab,5871.0,2021,4589.0,78.16,12.84,17.73
Punjab,6138.0,2022,4756.0,77.48,4.55,3.64
Punjab,6269.0,2023,4829.0,77.03,2.13,1.53
Rajasthan,23480.0,2019,10563.0,44.99,,
Rajasthan,19114.0,2020,9250.0,48.39,-18.59,-12.43
Rajasthan,20951.0,2021,10043.0,47.94,9.61,8.57
Rajasthan,23614.0,2022,11104.0,47.02,12.71,10.56
Rajasthan,24694.0,2023,11762.0,47.63,4.57,5.93
Sikkim,162.0,2019,73.0,45.06,,
Sikkim,138.0,2020,47.0,34.06,-14.81,-35.62
Sikkim,155.0,2021,56.0,36.13,12.32,19.15
Sikkim,211.0,2022,92.0,43.6,36.13,64.29
Sikkim,182.0,2023,57.0,31.32,-13.74,-38.04
Tamil Nadu,62685.0,2019,18129.0,28.92,,
Tamil Nadu,49844.0,2020,14527.0,29.14,-20.48,-19.87
Tamil Nadu,55682.0,2021,15384.0,27.63,11.71,5.9
Tamil Nadu,64105.0,2022,17884.0,27.9,15.13,16.25
Tamil Nadu,67213.0,2023,18347.0,27.3,4.85,2.59
Telangana,21570.0,2019,6964.0,32.29,,
Telangana,19172.0,2020,6882.0,35.9,-11.12,-1.18
Telangana,21315.0,2021,7557.0,35.45,11.18,9.81
Telangana,21619.0,2022,7559.0,34.96,1.43,0.03
Telangana,22903.0,2023,7660.0,33.45,5.94,1.34
Tripura,655.0,2019,239.0,36.49,,
Tripura,466.0,2020,192.0,41.2,-28.85,-19.67
Tripura,479.0,2021,194.0,40.5,2.79,1.04
Tripura,575.0,2022,241.0,41.91,20.04,24.23
Tripura,577.0,2023,261.0,45.23,0.35,8.3
Uttar Pradesh,42572.0,2019,22655.0,53.22,,
Uttar Pradesh,34243.0,2020,19149.0,55.92,-19.56,-15.48
Uttar Pradesh,37729.0,2021,21227.0,56.26,10.18,10.85
Uttar Pradesh,41746.0,2022,22595.0,54.12,10.65,6.44
Uttar Pradesh,44534.0,2023,23652.0,53.11,6.68,4.68
Uttarakhand,1352.0,2019,867.0,64.13,,
Uttarakhand,1041.0,2020,674.0,64.75,-23.0,-22.26
Uttarakhand,1405.0,2021,820.0,58.36,34.97,21.66
Uttarakhand,1674.0,2022,1042.0,62.25,19.15,27.07
Uttarakhand,1691.0,2023,1054.0,62.33,1.02,1.15
West Bengal,12658.0,2019,5767.0,45.56,,
West Bengal,10863.0,2020,5128.0,47.21,-14.18,-11.08
West Bengal,11937.0,2021,5800.0,48.59,9.89,13.1
West Bengal,13686.0,2022,6002.0,43.86,14.65,3.48
West Bengal,13795.0,2023,6027.0,43.69,0.8,0.42
